,AGENT_EXECUTING,AGENT_EXECUTING_PENDING,AGENT_SCHEDULING,AGENT_SCHEDULING_PENDING,AGENT_STAGING_INPUT,AGENT_STAGING_INPUT_PENDING,AGENT_STAGING_OUTPUT,AGENT_STAGING_OUTPUT_PENDING,CANCELED,DONE,FAILED,NEW,UMGR_SCHEDULING,UMGR_SCHEDULING_PENDING,UMGR_STAGING_INPUT,UMGR_STAGING_INPUT_PENDING,UMGR_STAGING_OUTPUT,UMGR_STAGING_OUTPUT_PENDING,U_AGENT_EXECUTING,U_AGENT_QUEUING,U_AGENT_QUEUING_EXEC,U_AGENT_SCHEDULING,U_UMGR_BINDING,U_UMGR_SCHEDULING,experiment,hid,pid,sid,uid,util_u_eprep,util_u_equeue,util_u_exec_app,util_u_exec_cu,util_u_exec_orte,util_u_exec_rp,util_u_total,util_u_unschedule
0,77.06730008125305,77.0657000541687,77.05949997901917,77.03940010070801,77.03430008888245,28.893100023269653,77.17230010032654,77.17070007324219,,78.81750011444092,,15.007200002670288,15.47760009765625,15.379600048065186,15.559400081634521,15.487800121307373,78.81500005722046,77.17659997940063,0.10339999198913574,0.020099878311157227,0.001600027084350586,0.006200075149536133,0.09800004959106445,0.37240004539489746,exp1,smic119,pilot.0000,rp.session.one.george.017605.0006,unit.000000,0.005000114440917969,0.0025000572204589844,,0.004700183868408203,,0.014599800109863281,0.10570001602172852,
1,77.07850003242493,77.06690001487732,77.05949997901917,77.03940010070801,77.03430008888245,28.893100023269653,77.18099999427795,77.17260003089905,,78.81750011444092,,15.007700204849243,15.47760009765625,15.379600048065186,15.559400081634521,15.487800121307373,78.81500005722046,77.18410015106201,0.0940999984741211,0.020099878311157227,0.011600017547607422,0.007400035858154297,0.09800004959106445,0.3718998432159424,exp1,smic119,pilot.0000,rp.session.one.george.017605.0006,unit.000001,0.0038001537322998047,0.012399911880493164,,0.005800008773803711,,0.014400005340576172,0.10940003395080566,
2,77.08780002593994,77.06820011138916,77.05949997901917,77.03940010070801,77.03430008888245,28.893100023269653,77.17730021476746,77.1719000339508,,78.81750011444092,,15.00820016860962,15.47760009765625,15.379600048065186,15.559400081634521,15.487800121307373,78.81500005722046,77.18040013313293,0.08410000801086426,0.020099878311157227,0.01959991455078125,0.008700132369995117,0.09800004959106445,0.3713998794555664,exp1,smic119,pilot.0000,rp.session.one.george.017605.0006,unit.000002,0.004000186920166016,0.02049994468688965,,0.005399942398071289,,0.01510000228881836,0.10579991340637207,
3,77.09720015525818,77.06940007209778,77.05949997901917,77.03940010070801,77.03430008888245,28.893100023269653,77.18470001220703,77.17309999465942,,78.81750011444092,,15.008700132369995,15.47760009765625,15.379600048065186,15.559400081634521,15.487800121307373,78.81500005722046,77.18819999694824,0.07589983940124512,0.020099878311157227,0.02780008316040039,0.009900093078613281,0.09800004959106445,0.37089991569519043,exp1,smic119,pilot.0000,rp.session.one.george.017605.0006,unit.000003,0.0039000511169433594,0.02870011329650879,,0.005700111389160156,,0.01569986343383789,0.10950016975402832,
4,77.10670018196106,77.07070016860962,77.05949997901917,77.03940010070801,77.03430008888245,28.893100023269653,77.27690005302429,77.27590012550354,,78.81750011444092,,15.009200096130371,15.47760009765625,15.379600048065186,15.559400081634521,15.487800121307373,78.81500005722046,77.280100107193,0.16919994354248047,0.020099878311157227,0.03600001335144043,0.011200189590454102,0.09800004959106445,0.37039995193481445,exp1,smic119,pilot.0000,rp.session.one.george.017605.0006,unit.000004,0.0037000179290771484,0.03690004348754883,,0.005700111389160156,,0.015999794006347656,0.20659995079040527,
5,77.11620020866394,77.0721001625061,77.05949997901917,77.03940010070801,77.03430008888245,28.893100023269653,77.29270005226135,77.27850008010864,,78.81750011444092,,15.009600162506104,15.47760009765625,15.379600048065186,15.559400081634521,15.487800121307373,78.81500005722046,77.29560017585754,0.16229987144470215,0.020099878311157227,0.044100046157836914,0.012600183486938477,0.09800004959106445,0.36999988555908203,exp1,smic119,pilot.0000,rp.session.one.george.017605.0006,unit.000005,0.004099845886230469,0.04510021209716797,,0.0055999755859375,,0.019099950790405273,0.21430015563964844,
6,77.12630009651184,77.07340002059937,77.05949997901917,77.03940010070801,77.03430008888245,28.893100023269653,77.28070020675659,77.27660012245178,,78.81750011444092,,15.01010012626648,15.47760009765625,15.379600048065186,15.559400081634521,15.487800121307373,78.81500005722046,77.28460001945496,0.1503000259399414,0.020099878311157227,0.052900075912475586,0.013900041580200195,0.09800004959106445,0.36949992179870605,exp1,smic119,pilot.0000,rp.session.one.george.017605.0006,unit.000006,0.003999948501586914,0.053800106048583984,,0.0048999786376953125,,0.017300128936767578,0.20440006256103516,
7,77.13550019264221,77.07459998130798,77.05949997901917,77.03940010070801,77.03430008888245,28.893100023269653,77.30130004882812,77.28050017356873,,78.81750011444092,,15.010600090026855,15.47760009765625,15.379600048065186,15.559400081634521,15.487800121307373,78.81500005722046,77.30610013008118,0.14499998092651367,0.020099878311157227,0.060900211334228516,0.01510000228881836,0.09800004959106445,0.3689999580383301,exp1,smic119,pilot.0000,rp.session.one.george.017605.0006,unit.000007,0.0046999454498291016,0.06180000305175781,,0.006599903106689453,,0.019099950790405273,0.21599984169006348,
8,77.1453001499176,77.07580018043518,77.05949997901917,77.03940010070801,77.03430008888245,28.893100023269653,77.28520011901855,77.27710008621216,,78.81750011444092,,15.011100053787231,15.47760009765625,15.379600048065186,15.559400081634521,15.487800121307373,78.81500005722046,77.28840017318726,0.13179993629455566,0.020099878311157227,0.06949996948242188,0.016300201416015625,0.09800004959106445,0.3684999942779541,exp1,smic119,pilot.0000,rp.session.one.george.017605.0006,unit.000008,0.0037000179290771484,0.07030010223388672,,0.005700111389160156,,0.01869988441467285,0.20570015907287598,
9,77.15420007705688,77.07710003852844,77.05949997901917,77.03940010070801,77.03430008888245,28.893100023269653,77.29620003700256,77.27980017662048,,78.81750011444092,,15.011500120162964,15.47760009765625,15.379600048065186,15.559400081634521,15.487800121307373,78.81500005722046,77.3007001876831,0.12560009956359863,0.020099878311157227,0.07710003852844238,0.017600059509277344,0.09800004959106445,0.3680999279022217,exp1,smic119,pilot.0000,rp.session.one.george.017605.0006,unit.000009,0.00410008430480957,0.07789993286132812,,0.005800008773803711,,0.019899845123291016,0.21129989624023438,
10,77.16370010375977,77.07850003242493,77.05949997901917,77.03940010070801,77.03430008888245,28.893100023269653,77.28900003433228,77.27770018577576,,78.81750011444092,,15.01200008392334,15.47760009765625,15.379600048065186,15.559400081634521,15.487800121307373,78.81500005722046,77.29210019111633,0.11400008201599121,0.020099878311157227,0.08520007133483887,0.01900005340576172,0.09800004959106445,0.3675999641418457,exp1,smic119,pilot.0000,rp.session.one.george.017605.0006,unit.000010,0.004600048065185547,0.08619999885559082,,0.006200075149536133,,0.02129983901977539,0.20560002326965332,
11,77.17430019378662,77.07980012893677,77.05949997901917,77.03940010070801,77.03430008888245,28.893100023269653,77.3066999912262,77.28150010108948,,78.81750011444092,,15.012500047683716,15.47760009765625,15.379600048065186,15.559400081634521,15.487800121307373,78.81500005722046,77.30980014801025,0.10719990730285645,0.020099878311157227,0.09450006484985352,0.02030014991760254,0.09800004959106445,0.3671000003814697,exp1,smic119,pilot.0000,rp.session.one.george.017605.0006,unit.000011,0.003799915313720703,0.09540009498596191,,0.007200002670288086,,0.020200014114379883,0.21300005912780762,
12,77.18309998512268,77.08120012283325,77.05949997901917,77.03940010070801,77.03430008888245,28.893100023269653,77.38420009613037,77.38300013542175,,78.81750011444092,,15.012900114059448,15.47760009765625,15.379600048065186,15.559400081634521,15.487800121307373,78.81500005722046,77.38730001449585,0.19990015029907227,0.020099878311157227,0.10189986228942871,0.021700143814086914,0.09800004959106445,0.3666999340057373,exp1,smic119,pilot.0000,rp.session.one.george.017605.0006,unit.000012,0.0036001205444335938,0.10289978981018066,,0.006799936294555664,,0.020400047302246094,0.3032999038696289,
13,77.19140005111694,77.08249998092651,77.05949997901917,77.03940010070801,77.03430008888245,28.893100023269653,77.40030002593994,77.38580012321472,,78.81750011444092,,15.013400077819824,15.47760009765625,15.379600048065186,15.559400081634521,15.487800121307373,78.81500005722046,77.40370011329651,0.19440007209777832,0.020099878311157227,0.10890007019042969,0.023000001907348633,0.09800004959106445,0.36619997024536133,exp1,smic119,pilot.0000,rp.session.one.george.017605.0006,unit.000013,0.0036001205444335938,0.10979986190795898,,0.007799863815307617,,0.02349996566772461,0.3118000030517578,
14,77.20060014724731,77.08380007743835,77.05949997901917,77.03940010070801,77.03430008888245,28.893100023269653,77.38800001144409,77.38380002975464,,78.81750011444092,,15.0139000415802,15.47760009765625,15.379600048065186,15.559400081634521,15.487800121307373,78.81500005722046,77.39110016822815,0.18319988250732422,0.020099878311157227,0.11680006980895996,0.024300098419189453,0.09800004959106445,0.36570000648498535,exp1,smic119,pilot.0000,rp.session.one.george.017605.0006,unit.000014,0.004600048065185547,0.11770009994506836,,0.007100105285644531,,0.023099899291992188,0.303300142288208,
15,77.21050000190735,77.0851001739502,77.05949997901917,77.03940010070801,77.03430008888245,28.893100023269653,77.40900015830994,77.39020013809204,,78.81750011444092,,15.014400005340576,15.47760009765625,15.379600048065186,15.559400081634521,15.487800121307373,78.81500005722046,77.41210007667542,0.17970013618469238,0.020099878311157227,0.12539982795715332,0.025600194931030273,0.09800004959106445,0.3652000427246094,exp1,smic119,pilot.0000,rp.session.one.george.017605.0006,unit.000015,0.004600048065185547,0.12629985809326172,,0.0065000057220458984,,0.022900104522705078,0.31399989128112793,
16,77.22030019760132,77.08640003204346,77.05949997901917,77.03940010070801,77.03430008888245,28.893100023269653,77.39180016517639,77.38429999351501,,78.81750011444092,,15.014900207519531,15.47760009765625,15.379600048065186,15.559400081634521,15.487800121307373,78.81500005722046,77.39540004730225,0.1639997959136963,0.020099878311157227,0.13390016555786133,0.026900053024291992,0.09800004959106445,0.3646998405456543,exp1,smic119,pilot.0000,rp.session.one.george.017605.0006,unit.000016,0.004099845886230469,0.13480019569396973,,0.006700038909912109,,0.022799968719482422,0.30320000648498535,
17,77.22950005531311,77.0877001285553,77.05949997901917,77.03940010070801,77.03430008888245,28.893100023269653,77.40440011024475,77.3872001171112,,78.81750011444092,,15.015300035476685,15.47760009765625,15.379600048065186,15.559400081634521,15.487800121307373,78.81500005722046,77.4083001613617,0.1577000617980957,0.020099878311157227,0.1417999267578125,0.028200149536132812,0.09800004959106445,0.364300012588501,exp1,smic119,pilot.0000,rp.session.one.george.017605.0006,unit.000017,0.0055999755859375,0.1426999568939209,,0.006400108337402344,,0.022500038146972656,0.30900001525878906,
18,77.24060010910034,77.08910012245178,77.05949997901917,77.03940010070801,77.03430008888245,28.893100023269653,77.39610004425049,77.38520002365112,,78.81750011444092,,15.01579999923706,15.47760009765625,15.379600048065186,15.559400081634521,15.487800121307373,78.81500005722046,77.3996000289917,0.14459991455078125,0.020099878311157227,0.15149998664855957,0.029600143432617188,0.09800004959106445,0.363800048828125,exp1,smic119,pilot.0000,rp.session.one.george.017605.0006,unit.000018,0.003999948501586914,0.15249991416931152,,0.007200002670288086,,0.024300098419189453,0.30299997329711914,
19,77.25050020217896,77.09039998054504,77.05949997901917,77.03940010070801,77.03430008888245,28.893100023269653,77.41280007362366,77.39079999923706,,78.81750011444092,,15.016300201416016,15.47760009765625,15.379600048065186,15.559400081634521,15.487800121307373,78.81500005722046,77.41630005836487,0.14029979705810547,0.020099878311157227,0.16010022163391113,0.030900001525878906,0.09800004959106445,0.3632998466491699,exp1,smic119,pilot.0000,rp.session.one.george.017605.0006,unit.000019,0.003599882125854492,0.16100001335144043,,0.007800102233886719,,0.02460002899169922,0.31099987030029297,
20,77.25920009613037,77.09170007705688,77.05949997901917,77.03940010070801,77.03430008888245,28.893100023269653,77.4954001903534,77.49210000038147,,78.81750011444092,,15.016800165176392,15.47760009765625,15.379600048065186,15.559400081634521,15.487800121307373,78.81500005722046,77.49860000610352,0.23289990425109863,0.020099878311157227,0.16750001907348633,0.03220009803771973,0.09800004959106445,0.36279988288879395,exp1,smic119,pilot.0000,rp.session.one.george.017605.0006,unit.000020,0.004300117492675781,0.16840004920959473,,0.008900165557861328,,0.028299808502197266,0.40180015563964844,
21,77.26900005340576,77.09310007095337,77.05949997901917,77.03940010070801,77.03430008888245,28.893100023269653,77.51480007171631,77.49820017814636,,78.81750011444092,,15.017300128936768,15.47760009765625,15.379600048065186,15.559400081634521,15.487800121307373,78.81500005722046,77.51820015907288,0.22920012474060059,0.020099878311157227,0.17589998245239258,0.0336000919342041,0.09800004959106445,0.36229991912841797,exp1,smic119,pilot.0000,rp.session.one.george.017605.0006,unit.000021,0.004300117492675781,0.17680001258850098,,0.008800029754638672,,0.028399944305419922,0.413100004196167,
22,77.27880001068115,77.09440016746521,77.05949997901917,77.03940010070801,77.03430008888245,28.893100023269653,77.49930000305176,77.49520015716553,,78.81750011444092,,15.0177001953125,15.47760009765625,15.379600048065186,15.559400081634521,15.487800121307373,78.81500005722046,77.50260019302368,0.216400146484375,0.020099878311157227,0.18439984321594238,0.03490018844604492,0.09800004959106445,0.36189985275268555,exp1,smic119,pilot.0000,rp.session.one.george.017605.0006,unit.000022,0.004600048065185547,0.18529987335205078,,0.009100198745727539,,0.03189992904663086,0.4020998477935791,
23,77.2891001701355,77.09570002555847,77.05949997901917,77.03940010070801,77.03430008888245,28.893100023269653,77.5226001739502,77.49980020523071,,78.81750011444092,,15.018200159072876,15.47760009765625,15.379600048065186,15.559400081634521,15.487800121307373,78.81500005722046,77.52550005912781,0.21070003509521484,0.020099878311157227,0.19340014457702637,0.03620004653930664,0.09800004959106445,0.36139988899230957,exp1,smic119,pilot.0000,rp.session.one.george.017605.0006,unit.000023,0.0037000179290771484,0.1942000389099121,,0.007400035858154297,,0.0326998233795166,0.41519999504089355,
24,77.29780006408691,77.09710001945496,77.05949997901917,77.03940010070801,77.03430008888245,28.893100023269653,77.5032000541687,77.49580001831055,,78.81750011444092,,15.018700122833252,15.47760009765625,15.379600048065186,15.559400081634521,15.487800121307373,78.81500005722046,77.50610017776489,0.1979999542236328,0.020099878311157227,0.200700044631958,0.037600040435791016,0.09800004959106445,0.3608999252319336,exp1,smic119,pilot.0000,rp.session.one.george.017605.0006,unit.000024,0.0039000511169433594,0.2016000747680664,,0.006400108337402344,,0.027299880981445312,0.40180015563964844,
25,77.30620002746582,77.0984001159668,77.05949997901917,77.03940010070801,77.03430008888245,28.893100023269653,77.5188000202179,77.4989001750946,,78.81750011444092,,15.019200086593628,15.47760009765625,15.379600048065186,15.559400081634521,15.487800121307373,78.81500005722046,77.52190017700195,0.19270014762878418,0.020099878311157227,0.20779991149902344,0.038900136947631836,0.09800004959106445,0.3603999614715576,exp1,smic119,pilot.0000,rp.session.one.george.017605.0006,unit.000025,0.0038001537322998047,0.20869994163513184,,0.007299900054931641,,0.027499914169311523,0.4102001190185547,
26,77.31529998779297,77.09970021247864,77.05949997901917,77.03940010070801,77.03430008888245,28.893100023269653,77.50670003890991,77.49640011787415,,78.81750011444092,,15.01960015296936,15.47760009765625,15.379600048065186,15.559400081634521,15.487800121307373,78.81500005722046,77.50999999046326,0.18110013008117676,0.020099878311157227,0.21559977531433105,0.040200233459472656,0.09800004959106445,0.3599998950958252,exp1,smic119,pilot.0000,rp.session.one.george.017605.0006,unit.000026,0.004300117492675781,0.21649980545043945,,0.007299900054931641,,0.027199983596801758,0.4015998840332031,
27,77.32510018348694,77.10110020637512,77.05949997901917,77.03940010070801,77.03430008888245,28.893100023269653,77.5261001586914,77.50040006637573,,78.81750011444092,,15.020100116729736,15.47760009765625,15.379600048065186,15.559400081634521,15.487800121307373,78.81500005722046,77.52900004386902,0.17529988288879395,0.020099878311157227,0.2239999771118164,0.04160022735595703,0.09800004959106445,0.3594999313354492,exp1,smic119,pilot.0000,rp.session.one.george.017605.0006,unit.000027,0.004199981689453125,0.2249000072479248,,0.008599996566772461,,0.02989983558654785,0.4121999740600586,
28,77.33500003814697,77.10240006446838,77.05949997901917,77.03940010070801,77.03430008888245,28.893100023269653,77.51060009002686,77.49690008163452,,78.81750011444092,,15.020600080490112,15.47760009765625,15.379600048065186,15.559400081634521,15.487800121307373,78.81500005722046,77.51410007476807,0.16190004348754883,0.020099878311157227,0.23259997367858887,0.04290008544921875,0.09800004959106445,0.35899996757507324,exp1,smic119,pilot.0000,rp.session.one.george.017605.0006,unit.000028,0.0037000179290771484,0.23350000381469727,,0.008300065994262695,,0.029900074005126953,0.401400089263916,
29,77.34460020065308,77.10380005836487,77.05949997901917,77.03940010070801,77.03430008888245,28.893100023269653,77.60300016403198,77.60190010070801,,78.81750011444092,,15.021100044250488,15.47760009765625,15.379600048065186,15.559400081634521,15.487800121307373,78.81500005722046,77.60630011558533,0.25729990005493164,0.020099878311157227,0.240800142288208,0.044300079345703125,0.09800004959106445,0.35850000381469727,exp1,smic119,pilot.0000,rp.session.one.george.017605.0006,unit.000029,0.004199981689453125,0.24180006980895996,,0.010299921035766602,,0.03229999542236328,0.4995999336242676,
30,77.35500001907349,77.10520005226135,77.05949997901917,77.03940010070801,77.03430008888245,28.893100023269653,77.62180018424988,77.6059000492096,,78.81750011444092,,15.02150011062622,15.47760009765625,15.379600048065186,15.559400081634521,15.487800121307373,78.81500005722046,77.62450003623962,0.2509000301361084,0.020099878311157227,0.2497999668121338,0.0457000732421875,0.09800004959106445,0.35809993743896484,exp1,smic119,pilot.0000,rp.session.one.george.017605.0006,unit.000030,0.0036001205444335938,0.25079989433288574,,0.009099960327148438,,0.03309988975524902,0.510200023651123,
31,77.36360001564026,77.1065001487732,77.05949997901917,77.03940010070801,77.03430008888245,28.893100023269653,77.60690021514893,77.60310006141663,,78.81750011444092,,15.022000074386597,15.47760009765625,15.379600048065186,15.559400081634521,15.487800121307373,78.81500005722046,77.60989999771118,0.2395000457763672,0.020099878311157227,0.25709986686706543,0.04700016975402832,0.09800004959106445,0.35759997367858887,exp1,smic119,pilot.0000,rp.session.one.george.017605.0006,unit.000031,0.004500150680541992,0.25799989700317383,,0.00950002670288086,,0.03589987754821777,0.499500036239624,
32,77.373300075531,77.10780000686646,77.05949997901917,77.03940010070801,77.03430008888245,28.893100023269653,77.63270020484924,77.61090016365051,,78.81750011444092,,15.022500038146973,15.47760009765625,15.379600048065186,15.559400081634521,15.487800121307373,78.81500005722046,77.63580012321472,0.23760008811950684,0.020099878311157227,0.2655000686645508,0.04830002784729004,0.09800004959106445,0.3571000099182129,exp1,smic119,pilot.0000,rp.session.one.george.017605.0006,unit.000032,0.003999948501586914,0.2663998603820801,,0.00839996337890625,,0.031599998474121094,0.5144999027252197,
33,77.38250017166138,77.1091001033783,77.05949997901917,77.03940010070801,77.03430008888245,28.893100023269653,77.61050009727478,77.60390019416809,,78.81750011444092,,15.022900104522705,15.47760009765625,15.379600048065186,15.559400081634521,15.487800121307373,78.81500005722046,77.61339998245239,0.22140002250671387,0.020099878311157227,0.27340006828308105,0.04960012435913086,0.09800004959106445,0.35669994354248047,exp1,smic119,pilot.0000,rp.session.one.george.017605.0006,unit.000033,0.004799842834472656,0.27430009841918945,,0.009799957275390625,,0.03500008583068848,0.499500036239624,
34,77.39300012588501,77.11050009727478,77.05949997901917,77.03940010070801,77.03430008888245,28.893100023269653,77.62520003318787,77.6065001487732,,78.81750011444092,,15.023500204086304,15.47760009765625,15.379600048065186,15.559400081634521,15.487800121307373,78.81500005722046,77.62840008735657,0.2135000228881836,0.020099878311157227,0.2825000286102295,0.051000118255615234,0.09800004959106445,0.35609984397888184,exp1,smic119,pilot.0000,rp.session.one.george.017605.0006,unit.000034,0.005300045013427734,0.28349995613098145,,0.008199930191040039,,0.03670001029968262,0.5072000026702881,
35,77.40370011329651,77.11190009117126,77.05949997901917,77.03940010070801,77.03430008888245,28.893100023269653,77.61409997940063,77.60440015792847,,78.81750011444092,,15.02400016784668,15.47760009765625,15.379600048065186,15.559400081634521,15.487800121307373,78.81500005722046,77.61700010299683,0.200700044631958,0.020099878311157227,0.29180002212524414,0.05240011215209961,0.09800004959106445,0.35559988021850586,exp1,smic119,pilot.0000,rp.session.one.george.017605.0006,unit.000035,0.004400014877319336,0.2927999496459961,,0.007799863815307617,,0.033699989318847656,0.4993000030517578,
36,77.41340017318726,77.1132001876831,77.05949997901917,77.03940010070801,77.03430008888245,28.893100023269653,77.63639998435974,77.61150002479553,,78.81750011444092,,15.024399995803833,15.47760009765625,15.379600048065186,15.559400081634521,15.487800121307373,78.81500005722046,77.64010000228882,0.19809985160827637,0.020099878311157227,0.3001999855041504,0.05370020866394043,0.09800004959106445,0.35520005226135254,exp1,smic119,pilot.0000,rp.session.one.george.017605.0006,unit.000036,0.00429987907409668,0.30100011825561523,,0.008100032806396484,,0.03060007095336914,0.5094001293182373,
37,77.42330002784729,77.11460018157959,77.05949997901917,77.03940010070801,77.03430008888245,28.893100023269653,77.61760020256042,77.60530018806458,,78.81750011444092,,15.024900197982788,15.47760009765625,15.379600048065186,15.559400081634521,15.487800121307373,78.81500005722046,77.62110018730164,0.18200016021728516,0.020099878311157227,0.3086998462677002,0.055100202560424805,0.09800004959106445,0.35469985008239746,exp1,smic119,pilot.0000,rp.session.one.george.017605.0006,unit.000037,0.02030014991760254,0.3095998764038086,,0.007899999618530273,,0.03059983253479004,0.49699997901916504,
38,77.4494001865387,77.11590003967285,77.05949997901917,77.03940010070801,77.03430008888245,28.893100023269653,77.62900018692017,77.60730004310608,,78.81750011444092,,15.025400161743164,15.47760009765625,15.379600048065186,15.559400081634521,15.487800121307373,78.81500005722046,77.632000207901,0.1578998565673828,0.020099878311157227,0.3335001468658447,0.05640006065368652,0.09800004959106445,0.3541998863220215,exp1,smic119,pilot.0000,rp.session.one.george.017605.0006,unit.000038,0.003999948501586914,0.3344001770019531,,0.008100032806396484,,0.029700040817260742,0.504000186920166,
39,77.45830011367798,77.11720013618469,77.05949997901917,77.03940010070801,77.03430008888245,28.893100023269653,77.71329998970032,77.71240019798279,,78.81750011444092,,15.02590012550354,15.47760009765625,15.379600048065186,15.559400081634521,15.487800121307373,78.81500005722046,77.71820020675659,0.25410008430480957,0.020099878311157227,0.34109997749328613,0.057700157165527344,0.09800004959106445,0.3536999225616455,exp1,smic119,pilot.0000,rp.session.one.george.017605.0006,unit.000039,0.003799915313720703,0.34200000762939453,,0.007600069046020508,,0.02929997444152832,0.5966000556945801,
40,77.46750020980835,77.1722002029419,77.05949997901917,77.03940010070801,77.03430008888245,28.893100023269653,77.72979998588562,77.7179000377655,,78.81750011444092,,15.026300191879272,15.47760009765625,15.379600048065186,15.559400081634521,15.487800121307373,78.81500005722046,77.73330020904541,0.2503998279571533,0.020099878311157227,0.2953000068664551,0.11270022392272949,0.09800004959106445,0.3532998561859131,exp1,smic119,pilot.0000,rp.session.one.george.017605.0006,unit.000040,0.004999876022338867,0.29630017280578613,,0.008300065994262695,,0.03209996223449707,0.5512001514434814,
41,77.47800016403198,77.17460012435913,77.05949997901917,77.03940010070801,77.03430008888245,28.893100023269653,77.71900010108948,77.71329998970032,,78.81750011444092,,15.026800155639648,15.47760009765625,15.379600048065186,15.559400081634521,15.487800121307373,78.81500005722046,77.72180008888245,0.23529982566833496,0.020099878311157227,0.30340003967285156,0.11510014533996582,0.09800004959106445,0.3527998924255371,exp1,smic119,pilot.0000,rp.session.one.george.017605.0006,unit.000041,0.004499912261962891,0.30430006980895996,,0.008599996566772461,,0.02819991111755371,0.5420000553131104,
42,77.48800015449524,77.17710018157959,77.05949997901917,77.03940010070801,77.03430008888245,28.893100023269653,77.73740005493164,77.71909999847412,,78.81750011444092,,15.027400016784668,15.47760009765625,15.379600048065186,15.559400081634521,15.487800121307373,78.81500005722046,77.7405002117157,0.23109984397888184,0.020099878311157227,0.3108999729156494,0.1176002025604248,0.09800004959106445,0.3522000312805176,exp1,smic119,pilot.0000,rp.session.one.george.017605.0006,unit.000042,0.003799915313720703,0.31190013885498047,,0.007300138473510742,,0.03189992904663086,0.5510001182556152,
43,77.49760007858276,77.17950010299683,77.05949997901917,77.03940010070801,77.03430008888245,28.893100023269653,77.72240018844604,77.71660017967224,,78.81750011444092,,15.0278000831604,15.47760009765625,15.379600048065186,15.559400081634521,15.487800121307373,78.81500005722046,77.72540020942688,0.21900010108947754,0.020099878311157227,0.3180999755859375,0.12000012397766113,0.09800004959106445,0.35179996490478516,exp1,smic119,pilot.0000,rp.session.one.george.017605.0006,unit.000043,0.004199981689453125,0.3190000057220459,,0.008699893951416016,,0.032000064849853516,0.539600133895874,
44,77.50710010528564,77.27850008010864,77.05949997901917,77.03940010070801,77.03430008888245,28.893100023269653,77.73400020599365,77.71840000152588,,78.81750011444092,,15.028300046920776,15.47760009765625,15.379600048065186,15.559400081634521,15.487800121307373,78.81500005722046,77.73680019378662,0.21129989624023438,0.020099878311157227,0.22860002517700195,0.21900010108947754,0.09800004959106445,0.3513000011444092,exp1,smic119,pilot.0000,rp.session.one.george.017605.0006,unit.000044,0.004400014877319336,0.22950005531311035,,0.01009988784790039,,0.029999971389770508,0.44720005989074707,
45,77.51660013198853,77.27990007400513,77.05949997901917,77.03940010070801,77.03430008888245,28.893100023269653,77.7260000705719,77.71720004081726,,78.81750011444092,,15.028800010681152,15.47760009765625,15.379600048065186,15.559400081634521,15.487800121307373,78.81500005722046,77.7292001247406,0.20059990882873535,0.020099878311157227,0.23670005798339844,0.22040009498596191,0.09800004959106445,0.3508000373840332,exp1,smic119,pilot.0000,rp.session.one.george.017605.0006,unit.000045,0.003999948501586914,0.23760008811950684,,0.01009988784790039,,0.03170013427734375,0.4397001266479492,
46,77.52530002593994,77.28220009803772,77.05949997901917,77.03940010070801,77.03430008888245,28.893100023269653,77.82220005989075,77.82109999656677,,78.81750011444092,,15.029200077056885,15.47760009765625,15.379600048065186,15.559400081634521,15.487800121307373,78.81500005722046,77.82560014724731,0.29579997062683105,0.020099878311157227,0.24309992790222168,0.2227001190185547,0.09800004959106445,0.3503999710083008,exp1,smic119,pilot.0000,rp.session.one.george.017605.0006,unit.000046,0.0034999847412109375,0.24399995803833008,,0.007999897003173828,,0.03660011291503906,0.5403001308441162,
47,77.53410005569458,77.28460001945496,77.05949997901917,77.03940010070801,77.03430008888245,28.893100023269653,77.84310007095337,77.82590007781982,,78.81750011444092,,15.02970004081726,15.47760009765625,15.379600048065186,15.559400081634521,15.487800121307373,78.81500005722046,77.84689998626709,0.29180002212524414,0.020099878311157227,0.24950003623962402,0.22510004043579102,0.09800004959106445,0.3499000072479248,exp1,smic119,pilot.0000,rp.session.one.george.017605.0006,unit.000047,0.0039000511169433594,0.250499963760376,,0.008199930191040039,,0.03509998321533203,0.5494999885559082,
48,77.54330015182495,77.28670001029968,77.05949997901917,77.03940010070801,77.03430008888245,28.893100023269653,77.8264000415802,77.8221001625061,,78.81750011444092,,15.030200004577637,15.47760009765625,15.379600048065186,15.559400081634521,15.487800121307373,78.81500005722046,77.83070015907288,0.27880001068115234,0.020099878311157227,0.25660014152526855,0.22720003128051758,0.09800004959106445,0.34940004348754883,exp1,smic119,pilot.0000,rp.session.one.george.017605.0006,unit.000048,0.0055999755859375,0.25750017166137695,,0.007800102233886719,,0.03379988670349121,0.5385000705718994,
49,77.5541000366211,77.28900003433228,77.05949997901917,77.03940010070801,77.03430008888245,28.893100023269653,77.85110020637512,77.82800006866455,,78.81750011444092,,15.03060007095337,15.47760009765625,15.379600048065186,15.559400081634521,15.487800121307373,78.81500005722046,77.85409998893738,0.27390003204345703,0.020099878311157227,0.26510000228881836,0.22950005531311035,0.09800004959106445,0.3489999771118164,exp1,smic119,pilot.0000,rp.session.one.george.017605.0006,unit.000049,0.0037000179290771484,0.26600003242492676,,0.008800029754638672,,0.03139996528625488,0.5496001243591309,
50,77.56280016899109,77.291100025177,77.05949997901917,77.03940010070801,77.03430008888245,28.893100023269653,77.8313000202179,77.82330012321472,,78.81750011444092,,15.031100034713745,15.47760009765625,15.379600048065186,15.559400081634521,15.487800121307373,78.81500005722046,77.83500003814697,0.2604999542236328,0.020099878311157227,0.2717001438140869,0.23160004615783691,0.09800004959106445,0.34850001335144043,exp1,smic119,pilot.0000,rp.session.one.george.017605.0006,unit.000050,0.004099845886230469,0.2726001739501953,,0.009099960327148438,,0.03130006790161133,0.5345001220703125,
51,77.57249999046326,77.29320001602173,77.05949997901917,77.03940010070801,77.03430008888245,28.893100023269653,77.84750008583069,77.82650017738342,,78.81750011444092,,15.031599998474121,15.47760009765625,15.379600048065186,15.559400081634521,15.487800121307373,78.81500005722046,77.85040020942688,0.254000186920166,0.020099878311157227,0.2792999744415283,0.23370003700256348,0.09800004959106445,0.34800004959106445,exp1,smic119,pilot.0000,rp.session.one.george.017605.0006,unit.000051,0.0038001537322998047,0.2802000045776367,,0.009200096130371094,,0.033299922943115234,0.543100118637085,
52,77.58230018615723,77.38520002365112,77.05949997901917,77.03940010070801,77.03430008888245,28.893100023269653,77.83560013771057,77.82420015335083,,78.81750011444092,,15.032000064849854,15.47760009765625,15.379600048065186,15.559400081634521,15.487800121307373,78.81500005722046,77.83870005607605,0.24189996719360352,0.020099878311157227,0.19710016250610352,0.325700044631958,0.09800004959106445,0.34759998321533203,exp1,smic119,pilot.0000,rp.session.one.george.017605.0006,unit.000052,0.004099845886230469,0.19819998741149902,,0.008800029754638672,,0.03550004959106445,0.44429993629455566,
53,77.5920000076294,77.3878002166748,77.05949997901917,77.03940010070801,77.03430008888245,28.893100023269653,77.85460019111633,77.83150005340576,,78.81750011444092,,15.03250002861023,15.47760009765625,15.379600048065186,15.559400081634521,15.487800121307373,78.81500005722046,77.85760021209717,0.2395000457763672,0.020099878311157227,0.20419979095458984,0.32830023765563965,0.09800004959106445,0.34710001945495605,exp1,smic119,pilot.0000,rp.session.one.george.017605.0006,unit.000053,0.005000114440917969,0.2051999568939209,,0.009799957275390625,,0.04349994659423828,0.45309996604919434,
54,77.60280013084412,77.39020013809204,77.05949997901917,77.03940010070801,77.03430008888245,28.893100023269653,77.83930015563965,77.82510018348694,,78.81750011444092,,15.032999992370605,15.47760009765625,15.379600048065186,15.559400081634521,15.487800121307373,78.81500005722046,77.84240007400513,0.22230005264282227,0.020099878311157227,0.2125999927520752,0.330700159072876,0.09800004959106445,0.3466000556945801,exp1,smic119,pilot.0000,rp.session.one.george.017605.0006,unit.000054,0.0051000118255615234,0.2135000228881836,,0.008800029754638672,,0.040199995040893555,0.4414999485015869,
55,77.61370015144348,77.39260005950928,77.05949997901917,77.03940010070801,77.03430008888245,28.893100023269653,77.93650007247925,77.93340015411377,,78.81750011444092,,15.03350019454956,15.47760009765625,15.379600048065186,15.559400081634521,15.487800121307373,78.81500005722046,77.93970012664795,0.3197000026702881,0.020099878311157227,0.2211000919342041,0.3331000804901123,0.09800004959106445,0.346099853515625,exp1,smic119,pilot.0000,rp.session.one.george.017605.0006,unit.000055,0.0039000511169433594,0.2220001220703125,,0.00989985466003418,,0.040199995040893555,0.5420000553131104,
56,77.62320017814636,77.39490008354187,77.05949997901917,77.03940010070801,77.03430008888245,28.893100023269653,77.95660018920898,77.93970012664795,,78.81750011444092,,15.033900022506714,15.47760009765625,15.379600048065186,15.559400081634521,15.487800121307373,78.81500005722046,77.9595000743866,0.3164999485015869,0.020099878311157227,0.2283000946044922,0.3354001045227051,0.09800004959106445,0.3457000255584717,exp1,smic119,pilot.0000,rp.session.one.george.017605.0006,unit.000056,0.00429987907409668,0.22920012474060059,,0.011899948120117188,,0.03949999809265137,0.5515999794006348,
57,77.63220000267029,77.3973000049591,77.05949997901917,77.03940010070801,77.03430008888245,28.893100023269653,77.94040012359619,77.93630003929138,,78.81750011444092,,15.034600019454956,15.47760009765625,15.379600048065186,15.559400081634521,15.487800121307373,78.81500005722046,77.94350004196167,0.30410003662109375,0.020099878311157227,0.23489999771118164,0.3378000259399414,0.09800004959106445,0.3450000286102295,exp1,smic119,pilot.0000,rp.session.one.george.017605.0006,unit.000057,0.004700183868408203,0.23579978942871094,,0.009200096130371094,,0.036099910736083984,0.5402998924255371,
58,77.64190006256104,77.39970016479492,77.05949997901917,77.03940010070801,77.03430008888245,28.893100023269653,77.96370005607605,77.94099998474121,,78.81750011444092,,15.035000085830688,15.47760009765625,15.379600048065186,15.559400081634521,15.487800121307373,78.81500005722046,77.96650004386902,0.2990999221801758,0.020099878311157227,0.24219989776611328,0.34020018577575684,0.09800004959106445,0.34459996223449707,exp1,smic119,pilot.0000,rp.session.one.george.017605.0006,unit.000058,0.0048999786376953125,0.24320006370544434,,0.009399890899658203,,0.03470015525817871,0.5515000820159912,
59,77.65160012245178,77.40200018882751,77.05949997901917,77.03940010070801,77.03430008888245,28.893100023269653,77.94420003890991,77.93690013885498,,78.81750011444092,,15.035500049591064,15.47760009765625,15.379600048065186,15.559400081634521,15.487800121307373,78.81500005722046,77.94760012626648,0.28530001640319824,0.020099878311157227,0.24959993362426758,0.3425002098083496,0.09800004959106445,0.3440999984741211,exp1,smic119,pilot.0000,rp.session.one.george.017605.0006,unit.000059,0.00429987907409668,0.250499963760376,,0.011300086975097656,,0.037600040435791016,0.5378999710083008,
60,77.66110014915466,77.4941999912262,77.05949997901917,77.03940010070801,77.03430008888245,28.893100023269653,77.96020007133484,77.94040012359619,,78.81750011444092,,15.03600001335144,15.47760009765625,15.379600048065186,15.559400081634521,15.487800121307373,78.81500005722046,77.96310019493103,0.2792999744415283,0.020099878311157227,0.1669001579284668,0.43470001220703125,0.09800004959106445,0.3436000347137451,exp1,smic119,pilot.0000,rp.session.one.george.017605.0006,unit.000060,0.004499912261962891,0.1677999496459961,,0.013000011444091797,,0.03579998016357422,0.45459985733032227,
61,77.67070007324219,77.49720001220703,77.05949997901917,77.03940010070801,77.03430008888245,28.893100023269653,77.94830012321472,77.93740010261536,,78.81750011444092,,15.036500215530396,15.47760009765625,15.379600048065186,15.559400081634521,15.487800121307373,78.81500005722046,77.95180010795593,0.26670002937316895,0.020099878311157227,0.17350006103515625,0.4377000331878662,0.09800004959106445,0.34309983253479004,exp1,smic119,pilot.0000,rp.session.one.george.017605.0006,unit.000061,0.0055999755859375,0.1744999885559082,,0.011400222778320312,,0.03699994087219238,0.44519996643066406,
62,77.68110013008118,77.49960017204285,77.05949997901917,77.03940010070801,77.03430008888245,28.893100023269653,77.96710014343262,77.94210004806519,,78.81750011444092,,15.037000179290771,15.47760009765625,15.379600048065186,15.559400081634521,15.487800121307373,78.81500005722046,77.97030019760132,0.2609999179840088,0.020099878311157227,0.18149995803833008,0.44010019302368164,0.09800004959106445,0.34259986877441406,exp1,smic119,pilot.0000,rp.session.one.george.017605.0006,unit.000062,0.004199981689453125,0.18250012397766113,,0.011499881744384766,,0.049900054931640625,0.45399999618530273,
63,77.69110012054443,77.50200009346008,77.05949997901917,77.03940010070801,77.03430008888245,28.893100023269653,77.95250010490417,77.93800020217896,,78.81750011444092,,15.037400007247925,15.47760009765625,15.379600048065186,15.559400081634521,15.487800121307373,78.81500005722046,77.95600008964539,0.24690008163452148,0.020099878311157227,0.18910002708435059,0.44250011444091797,0.09800004959106445,0.34220004081726074,exp1,smic119,pilot.0000,rp.session.one.george.017605.0006,unit.000063,0.00410008430480957,0.19009995460510254,,0.009200096130371094,,0.04679989814758301,0.4407999515533447,
64,77.70100021362305,77.50450015068054,77.05949997901917,77.03940010070801,77.03430008888245,28.893100023269653,78.04610013961792,78.04520010948181,,78.81750011444092,,15.03790020942688,15.47760009765625,15.379600048065186,15.559400081634521,15.487800121307373,78.81500005722046,78.04930019378662,0.34419989585876465,0.020099878311157227,0.19650006294250488,0.44500017166137695,0.09800004959106445,0.34169983863830566,exp1,smic119,pilot.0000,rp.session.one.george.017605.0006,unit.000064,0.003799915313720703,0.19750022888183594,,0.015399932861328125,,0.044300079345703125,0.542100191116333,
65,77.70960021018982,77.50680017471313,77.05949997901917,77.03940010070801,77.03430008888245,28.893100023269653,78.06490015983582,78.04930019378662,,78.81750011444092,,15.038400173187256,15.47760009765625,15.379600048065186,15.559400081634521,15.487800121307373,78.81500005722046,78.06810021400452,0.33969998359680176,0.020099878311157227,0.20280003547668457,0.4473001956939697,0.09800004959106445,0.3411998748779297,exp1,smic119,pilot.0000,rp.session.one.george.017605.0006,unit.000065,0.004499912261962891,0.20370006561279297,,0.012099981307983398,,0.04509997367858887,0.5508999824523926,
66,77.71970009803772,77.50920009613037,77.05949997901917,77.03940010070801,77.03430008888245,28.893100023269653,78.05000019073486,78.04590010643005,,78.81750011444092,,15.03880000114441,15.47760009765625,15.379600048065186,15.559400081634521,15.487800121307373,78.81500005722046,78.05290007591248,0.326200008392334,0.020099878311157227,0.21050000190734863,0.44970011711120605,0.09800004959106445,0.34080004692077637,exp1,smic119,pilot.0000,rp.session.one.george.017605.0006,unit.000066,0.00410008430480957,0.21140003204345703,,0.010699987411499023,,0.04509997367858887,0.5399999618530273,
67,77.72890019416809,77.51150012016296,77.05949997901917,77.03940010070801,77.03430008888245,28.893100023269653,78.07230019569397,78.05100011825562,,78.81750011444092,,15.039300203323364,15.47760009765625,15.379600048065186,15.559400081634521,15.487800121307373,78.81500005722046,78.07580018043518,0.3220999240875244,0.020099878311157227,0.21740007400512695,0.45200014114379883,0.09800004959106445,0.3402998447418213,exp1,smic119,pilot.0000,rp.session.one.george.017605.0006,unit.000067,0.005299806594848633,0.21830010414123535,,0.009599924087524414,,0.04490017890930176,0.5506000518798828,
68,77.73980021476746,77.51380014419556,77.05949997901917,77.03940010070801,77.03430008888245,28.893100023269653,78.05350017547607,78.04650020599365,,78.81750011444092,,15.03980016708374,15.47760009765625,15.379600048065186,15.559400081634521,15.487800121307373,78.81500005722046,78.05640006065369,0.3066999912261963,0.020099878311157227,0.22600007057189941,0.4543001651763916,0.09800004959106445,0.3397998809814453,exp1,smic119,pilot.0000,rp.session.one.george.017605.0006,unit.000068,0.004499912261962891,0.2269001007080078,,0.01009988784790039,,0.04620003700256348,0.5358998775482178,
69,77.75010013580322,77.6042001247406,77.05949997901917,77.03940010070801,77.03430008888245,28.893100023269653,78.06870007514954,78.05019998550415,,78.81750011444092,,15.040300130844116,15.47760009765625,15.379600048065186,15.559400081634521,15.487800121307373,78.81500005722046,78.07160019874573,0.30009984970092773,0.020099878311157227,0.14590001106262207,0.5447001457214355,0.09800004959106445,0.33929991722106934,exp1,smic119,pilot.0000,rp.session.one.george.017605.0006,unit.000069,0.0046999454498291016,0.14700007438659668,,0.011199951171875,,0.041300058364868164,0.4558999538421631,
70,77.76050019264221,77.6068000793457,77.05949997901917,77.03940010070801,77.03430008888245,28.893100023269653,78.05700016021729,78.04700016975403,,78.81750011444092,,15.040700197219849,15.47760009765625,15.379600048065186,15.559400081634521,15.487800121307373,78.81500005722046,78.06020021438599,0.2864999771118164,0.020099878311157227,0.1537001132965088,0.5473001003265381,0.09800004959106445,0.3388998508453369,exp1,smic119,pilot.0000,rp.session.one.george.017605.0006,unit.000070,0.003899812698364258,0.1548001766204834,,0.016399860382080078,,0.04680013656616211,0.4467000961303711,
71,77.76999998092651,77.60930013656616,77.05949997901917,77.03940010070801,77.03430008888245,28.893100023269653,78.07650017738342,78.05159997940063,,78.81750011444092,,15.041200160980225,15.47760009765625,15.379600048065186,15.559400081634521,15.487800121307373,78.81500005722046,78.0796000957489,0.2815999984741211,0.020099878311157227,0.16069984436035156,0.5498001575469971,0.09800004959106445,0.33839988708496094,exp1,smic119,pilot.0000,rp.session.one.george.017605.0006,unit.000071,0.004900217056274414,0.16169977188110352,,0.014800071716308594,,0.04119992256164551,0.45509982109069824,
72,77.78080010414124,77.61220002174377,77.05949997901917,77.03940010070801,77.03430008888245,28.893100023269653,78.060800075531,78.04770016670227,,78.81750011444092,,15.0417001247406,15.47760009765625,15.379600048065186,15.559400081634521,15.487800121307373,78.81500005722046,78.06430006027222,0.26690006256103516,0.020099878311157227,0.16860008239746094,0.5527000427246094,0.09800004959106445,0.33789992332458496,exp1,smic119,pilot.0000,rp.session.one.george.017605.0006,unit.000072,0.003999948501586914,0.1696000099182129,,0.011100053787231445,,0.053800106048583984,0.44339990615844727,
73,77.79030013084412,77.61350011825562,77.05949997901917,77.03940010070801,77.03430008888245,28.893100023269653,78.15360021591187,78.1528000831604,,78.81750011444092,,15.042200088500977,15.47760009765625,15.379600048065186,15.559400081634521,15.487800121307373,78.81500005722046,78.15659999847412,0.3624999523162842,0.020099878311157227,0.17680001258850098,0.5540001392364502,0.09800004959106445,0.337399959564209,exp1,smic119,pilot.0000,rp.session.one.george.017605.0006,unit.000073,0.005800008773803711,0.17770004272460938,,0.015200138092041016,,0.05659985542297363,0.5406999588012695,
74,77.80190014839172,77.61590003967285,77.05949997901917,77.03940010070801,77.03430008888245,28.893100023269653,78.1757001876831,78.15990018844604,,78.81750011444092,,15.042600154876709,15.47760009765625,15.379600048065186,15.559400081634521,15.487800121307373,78.81500005722046,78.17880010604858,0.3580000400543213,0.020099878311157227,0.18600010871887207,0.5564000606536865,0.09800004959106445,0.33699989318847656,exp1,smic119,pilot.0000,rp.session.one.george.017605.0006,unit.000074,0.004600048065185547,0.18690013885498047,,0.012099981307983398,,0.05180001258850098,0.552299976348877,
75,77.81230020523071,77.61820006370544,77.05949997901917,77.03940010070801,77.03430008888245,28.893100023269653,78.15729999542236,78.153400182724,,78.81750011444092,,15.043100118637085,15.47760009765625,15.379600048065186,15.559400081634521,15.487800121307373,78.81500005722046,78.16020011901855,0.34109997749328613,0.020099878311157227,0.19410014152526855,0.5587000846862793,0.09800004959106445,0.3364999294281006,exp1,smic119,pilot.0000,rp.session.one.george.017605.0006,unit.000075,0.004399776458740234,0.19500017166137695,,0.011600017547607422,,0.049900054931640625,0.5364999771118164,
76,77.82249999046326,77.62050008773804,77.05949997901917,77.03940010070801,77.03430008888245,28.893100023269653,78.18710017204285,78.16260004043579,,78.81750011444092,,15.043600082397461,15.47760009765625,15.379600048065186,15.559400081634521,15.487800121307373,78.81500005722046,78.19029998779297,0.3401000499725342,0.020099878311157227,0.20199990272521973,0.5610001087188721,0.09800004959106445,0.3359999656677246,exp1,smic119,pilot.0000,rp.session.one.george.017605.0006,unit.000076,0.005500078201293945,0.20289993286132812,,0.01230001449584961,,0.052500009536743164,0.5545001029968262,
77,77.83410000801086,77.62340021133423,77.05949997901917,77.03940010070801,77.03430008888245,28.893100023269653,78.1609001159668,78.15430021286011,,78.81750011444092,,15.044100046157837,15.47760009765625,15.379600048065186,15.559400081634521,15.487800121307373,78.81500005722046,78.16380000114441,0.32020020484924316,0.020099878311157227,0.21069979667663574,0.5639002323150635,0.09800004959106445,0.33550000190734863,exp1,smic119,pilot.0000,rp.session.one.george.017605.0006,unit.000077,0.004400014877319336,0.21159982681274414,,0.011700153350830078,,0.04369997978210449,0.535099983215332,
78,77.84400010108948,77.62480020523071,77.05949997901917,77.03940010070801,77.03430008888245,28.893100023269653,78.17940020561218,78.16040015220642,,78.81750011444092,,15.044600009918213,15.47760009765625,15.379600048065186,15.559400081634521,15.487800121307373,78.81500005722046,78.18250012397766,0.31640005111694336,0.020099878311157227,0.21919989585876465,0.5653002262115479,0.09800004959106445,0.33500003814697266,exp1,smic119,pilot.0000,rp.session.one.george.017605.0006,unit.000078,0.004400014877319336,0.22009992599487305,,0.011899948120117188,,0.048799991607666016,0.5456998348236084,
79,77.85400009155273,77.71480011940002,77.05949997901917,77.03940010070801,77.03430008888245,28.893100023269653,78.16449999809265,78.15570020675659,,78.81750011444092,,15.045100212097168,15.47760009765625,15.379600048065186,15.559400081634521,15.487800121307373,78.81500005722046,78.16780018806458,0.3017001152038574,0.020099878311157227,0.13919997215270996,0.6553001403808594,0.09800004959106445,0.3344998359680176,exp1,smic119,pilot.0000,rp.session.one.george.017605.0006,unit.000079,0.004400014877319336,0.14039993286132812,,0.010400056838989258,,0.04889988899230957,0.4463999271392822,
80,77.86370015144348,77.71730017662048,77.05949997901917,77.03940010070801,77.03430008888245,28.893100023269653,78.19090008735657,78.16330003738403,,78.81750011444092,,15.045500040054321,15.47760009765625,15.379600048065186,15.559400081634521,15.487800121307373,78.81500005722046,78.19440007209778,0.29959988594055176,0.020099878311157227,0.14639997482299805,0.6578001976013184,0.09800004959106445,0.33410000801086426,exp1,smic119,pilot.0000,rp.session.one.george.017605.0006,unit.000080,0.003999948501586914,0.1474001407623291,,0.011699914932250977,,0.05110001564025879,0.4601001739501953,
81,77.87270021438599,77.7202000617981,77.05949997901917,77.03940010070801,77.03430008888245,28.893100023269653,78.1684000492096,78.1586000919342,,78.81750011444092,,15.046000003814697,15.47760009765625,15.379600048065186,15.559400081634521,15.487800121307373,78.81500005722046,78.17140007019043,0.2858998775482178,0.020099878311157227,0.15250015258789062,0.6607000827789307,0.09800004959106445,0.3336000442504883,exp1,smic119,pilot.0000,rp.session.one.george.017605.0006,unit.000081,0.004199981689453125,0.15340018272399902,,0.011300086975097656,,0.05189990997314453,0.4430999755859375,
82,77.882000207901,77.72150015830994,77.05949997901917,77.03940010070801,77.03430008888245,28.893100023269653,78.1832001209259,78.16140007972717,,78.81750011444092,,15.046500205993652,15.47760009765625,15.379600048065186,15.559400081634521,15.487800121307373,78.81500005722046,78.18650007247925,0.2793998718261719,0.020099878311157227,0.16050004959106445,0.6620001792907715,0.09800004959106445,0.3330998420715332,exp1,smic119,pilot.0000,rp.session.one.george.017605.0006,unit.000082,0.004399776458740234,0.16140007972717285,,0.007999897003173828,,0.05050015449523926,0.45129990577697754,
83,77.89130020141602,77.72390007972717,77.05949997901917,77.03940010070801,77.03430008888245,28.893100023269653,78.17200016975403,78.1592001914978,,78.81750011444092,,15.047000169754028,15.47760009765625,15.379600048065186,15.559400081634521,15.487800121307373,78.81500005722046,78.1751000881195,0.2678999900817871,0.020099878311157227,0.16740012168884277,0.6644001007080078,0.09800004959106445,0.3325998783111572,exp1,smic119,pilot.0000,rp.session.one.george.017605.0006,unit.000083,0.004499912261962891,0.16840004920959473,,0.012399911880493164,,0.044100046157836914,0.4419999122619629,
84,77.9011001586914,77.72620010375977,77.05949997901917,77.03940010070801,77.03430008888245,28.893100023269653,78.26610016822815,78.26480007171631,,80.09660005569458,,15.047399997711182,15.47760009765625,15.379600048065186,15.559400081634521,15.487800121307373,80.09590005874634,78.26920008659363,0.36369991302490234,0.020099878311157227,0.17490005493164062,0.6667001247406006,0.09800004959106445,0.3322000503540039,exp1,smic119,pilot.0000,rp.session.one.george.017605.0006,unit.000084,0.004099845886230469,0.17580008506774902,,0.011800050735473633,,0.04680013656616211,0.5399999618530273,
85,77.91020011901855,77.728600025177,77.05949997901917,77.03940010070801,77.03430008888245,28.893100023269653,78.28960013389587,78.27160000801086,,80.09660005569458,,15.047900199890137,15.47760009765625,15.379600048065186,15.559400081634521,15.487800121307373,80.09590005874634,78.29270005226135,0.36139988899230957,0.020099878311157227,0.18160009384155273,0.6691000461578369,0.09800004959106445,0.33169984817504883,exp1,smic119,pilot.0000,rp.session.one.george.017605.0006,unit.000085,0.0037000179290771484,0.1826000213623047,,0.011399984359741211,,0.04780006408691406,0.5488998889923096,
86,77.91910004615784,77.82330012321472,77.05949997901917,77.03940010070801,77.03430008888245,28.893100023269653,78.26990008354187,78.26579999923706,,80.09660005569458,,15.048400163650513,15.47760009765625,15.379600048065186,15.559400081634521,15.487800121307373,80.09590005874634,78.27320003509521,0.34669995307922363,0.020099878311157227,0.09579992294311523,0.7638001441955566,0.09800004959106445,0.33119988441467285,exp1,smic119,pilot.0000,rp.session.one.george.017605.0006,unit.000086,0.00410008430480957,0.09679985046386719,,0.0076999664306640625,,0.04889988899230957,0.44549989700317383,
87,77.92810010910034,77.82620000839233,77.05949997901917,77.03940010070801,77.03430008888245,28.893100023269653,78.30159997940063,78.2746000289917,,80.09660005569458,,15.048900127410889,15.47760009765625,15.379600048065186,15.559400081634521,15.487800121307373,80.09590005874634,78.3050000667572,0.3464999198913574,0.020099878311157227,0.10190010070800781,0.766700029373169,0.09800004959106445,0.3306999206542969,exp1,smic119,pilot.0000,rp.session.one.george.017605.0006,unit.000087,0.0048999786376953125,0.10279989242553711,,0.012000083923339844,,0.05110001564025879,0.4531998634338379,
88,77.93889999389648,77.82750010490417,77.05949997901917,77.03940010070801,77.03430008888245,28.893100023269653,78.27380013465881,78.26670002937317,,80.09660005569458,,15.049300193786621,15.47760009765625,15.379600048065186,15.559400081634521,15.487800121307373,80.09590005874634,78.27750015258789,0.32780003547668457,0.020099878311157227,0.11139988899230957,0.7680001258850098,0.09800004959106445,0.33029985427856445,exp1,smic119,pilot.0000,rp.session.one.george.017605.0006,unit.000088,0.006400108337402344,0.11229991912841797,,0.010900020599365234,,0.05259990692138672,0.4435999393463135,
89,77.95060014724731,77.82990002632141,77.05949997901917,77.03940010070801,77.03430008888245,28.893100023269653,78.29330015182495,78.27300000190735,,80.09660005569458,,15.04990005493164,15.47760009765625,15.379600048065186,15.559400081634521,15.487800121307373,80.09590005874634,78.29710006713867,0.3223998546600342,0.020099878311157227,0.12070012092590332,0.7704000473022461,0.09800004959106445,0.3296999931335449,exp1,smic119,pilot.0000,rp.session.one.george.017605.0006,unit.000089,0.004199981689453125,0.12160015106201172,,0.011100053787231445,,0.04939985275268555,0.4483001232147217,
90,77.96020007133484,77.83230018615723,77.05949997901917,77.03940010070801,77.03430008888245,28.893100023269653,78.27820014953613,78.26980018615723,,80.09660005569458,,15.050400018692017,15.47760009765625,15.379600048065186,15.559400081634521,15.487800121307373,80.09590005874634,78.2810001373291,0.3096001148223877,0.020099878311157227,0.1278998851776123,0.7728002071380615,0.09800004959106445,0.32920002937316895,exp1,smic119,pilot.0000,rp.session.one.george.017605.0006,unit.000090,0.003999948501586914,0.12890005111694336,,0.011499881744384766,,0.06330013275146484,0.44120001792907715,
91,77.97010016441345,77.83460021018982,77.05949997901917,77.03940010070801,77.03430008888245,28.893100023269653,78.30570006370544,78.2752001285553,,80.09660005569458,,15.050899982452393,15.47760009765625,15.379600048065186,15.559400081634521,15.487800121307373,80.09590005874634,78.30920004844666,0.3050999641418457,0.020099878311157227,0.1354999542236328,0.7751002311706543,0.09800004959106445,0.32870006561279297,exp1,smic119,pilot.0000,rp.session.one.george.017605.0006,unit.000091,0.00429987907409668,0.13650012016296387,,0.015399932861328125,,0.04620003700256348,0.44570016860961914,
92,77.98030018806458,77.83680009841919,77.05949997901917,77.03940010070801,77.03430008888245,28.893100023269653,78.28159999847412,78.27040004730225,,80.09660005569458,,15.051400184631348,15.47760009765625,15.379600048065186,15.559400081634521,15.487800121307373,80.09590005874634,78.28509998321533,0.2900998592376709,0.020099878311157227,0.14350008964538574,0.7773001194000244,0.09800004959106445,0.3281998634338379,exp1,smic119,pilot.0000,rp.session.one.george.017605.0006,unit.000092,0.003799915313720703,0.14440011978149414,,0.010299921035766602,,0.04850006103515625,0.4388999938964844,
93,77.98980021476746,77.83910012245178,77.05949997901917,77.03940010070801,77.03430008888245,28.893100023269653,78.29780006408691,78.27390003204346,,80.09660005569458,,15.051800012588501,15.47760009765625,15.379600048065186,15.559400081634521,15.487800121307373,80.09590005874634,78.30089998245239,0.284099817276001,0.020099878311157227,0.15070009231567383,0.7796001434326172,0.09800004959106445,0.32780003547668457,exp1,smic119,pilot.0000,rp.session.one.george.017605.0006,unit.000093,0.004399776458740234,0.15170001983642578,,0.010699987411499023,,0.04470014572143555,0.4399998188018799,
94,78.00020003318787,77.84120011329651,77.05949997901917,77.03940010070801,77.03430008888245,28.893100023269653,78.28579998016357,78.27100014686584,,80.09660005569458,,15.052300214767456,15.47760009765625,15.379600048065186,15.559400081634521,15.487800121307373,80.09590005874634,78.28900003433228,0.2708001136779785,0.020099878311157227,0.15899991989135742,0.7817001342773438,0.09800004959106445,0.3272998332977295,exp1,smic119,pilot.0000,rp.session.one.george.017605.0006,unit.000094,0.0036001205444335938,0.15989995002746582,,0.014299869537353516,,0.04760003089904785,0.4353001117706299,
95,78.00940012931824,77.93530011177063,77.05949997901917,77.03940010070801,77.03430008888245,28.893100023269653,78.37760019302368,78.37670016288757,,80.09660005569458,,15.052800178527832,15.47760009765625,15.379600048065186,15.559400081634521,15.487800121307373,80.09590005874634,78.38070011138916,0.36730003356933594,0.020099878311157227,0.07410001754760742,0.8758001327514648,0.09800004959106445,0.3267998695373535,exp1,smic119,pilot.0000,rp.session.one.george.017605.0006,unit.000095,0.004499912261962891,0.07500004768371582,,0.012099981307983398,,0.05110001564025879,0.44280004501342773,
96,78.01920008659363,77.9381000995636,77.05949997901917,77.03940010070801,77.03430008888245,28.893100023269653,78.39600014686584,78.37960004806519,,80.09660005569458,,15.053300142288208,15.47760009765625,15.379600048065186,15.559400081634521,15.487800121307373,80.09590005874634,78.39880013465881,0.3603999614715576,0.020099878311157227,0.0810999870300293,0.8786001205444336,0.09800004959106445,0.32629990577697754,exp1,smic119,pilot.0000,rp.session.one.george.017605.0006,unit.000096,0.003999948501586914,0.0820000171661377,,0.011999845504760742,,0.051000118255615234,0.44390010833740234,
97,78.02870011329651,77.94050002098083,77.05949997901917,77.03940010070801,77.03430008888245,28.893100023269653,78.38130021095276,78.37730002403259,,80.09660005569458,,15.053800106048584,15.47760009765625,15.379600048065186,15.559400081634521,15.487800121307373,80.09590005874634,78.38450002670288,0.348599910736084,0.020099878311157227,0.08820009231567383,0.8810000419616699,0.09800004959106445,0.32579994201660156,exp1,smic119,pilot.0000,rp.session.one.george.017605.0006,unit.000097,0.0034999847412109375,0.08910012245178223,,0.013000011444091797,,0.06290006637573242,0.43810009956359863,
98,78.03790020942688,77.9433000087738,77.05949997901917,77.03940010070801,77.03430008888245,28.893100023269653,78.4028000831604,78.38070011138916,,80.09660005569458,,15.054200172424316,15.47760009765625,15.379600048065186,15.559400081634521,15.487800121307373,80.09590005874634,78.40560007095337,0.3427999019622803,0.020099878311157227,0.09460020065307617,0.8838000297546387,0.09800004959106445,0.32539987564086914,exp1,smic119,pilot.0000,rp.session.one.george.017605.0006,unit.000098,0.004199981689453125,0.09550023078918457,,0.011800050735473633,,0.054399967193603516,0.44030022621154785,
99,78.04820013046265,77.94470000267029,77.05949997901917,77.03940010070801,77.03430008888245,28.893100023269653,78.38520002365112,78.37790012359619,,80.09660005569458,,15.054700136184692,15.47760009765625,15.379600048065186,15.559400081634521,15.487800121307373,80.09590005874634,78.38830018043518,0.3296999931335449,0.020099878311157227,0.1035001277923584,0.885200023651123,0.09800004959106445,0.32489991188049316,exp1,smic119,pilot.0000,rp.session.one.george.017605.0006,unit.000099,0.005899906158447266,0.1043999195098877,,0.010799884796142578,,0.05170011520385742,0.43489980697631836,
100,78.0599000453949,77.94700002670288,77.05949997901917,77.03940010070801,77.03430008888245,28.893100023269653,78.39939999580383,78.38010001182556,,80.09660005569458,,15.055200099945068,15.47760009765625,15.379600048065186,15.559400081634521,15.487800121307373,80.09590005874634,78.4021999835968,0.32019996643066406,0.020099878311157227,0.1129000186920166,0.8875000476837158,0.09800004959106445,0.3243999481201172,exp1,smic119,pilot.0000,rp.session.one.george.017605.0006,unit.000100,0.004300117492675781,0.113800048828125,,0.017400026321411133,,0.053299903869628906,0.43580007553100586,
101,78.06990003585815,77.9494001865387,77.05949997901917,77.03940010070801,77.03430008888245,28.893100023269653,78.3889000415802,78.37840008735657,,80.09660005569458,,15.0556001663208,15.47760009765625,15.379600048065186,15.559400081634521,15.487800121307373,80.09590005874634,78.39160013198853,0.3085000514984131,0.020099878311157227,0.12049984931945801,0.8899002075195312,0.09800004959106445,0.32399988174438477,exp1,smic119,pilot.0000,rp.session.one.george.017605.0006,unit.000101,0.004800081253051758,0.1213998794555664,,0.008899927139282227,,0.05320000648498535,0.4309999942779541,
102,78.08050012588501,77.95170021057129,77.05949997901917,77.03940010070801,77.03430008888245,28.893100023269653,78.40700006484985,78.38130021095276,,80.09660005569458,,15.056100130081177,15.47760009765625,15.379600048065186,15.559400081634521,15.487800121307373,80.09590005874634,78.41050004959106,0.300800085067749,0.020099878311157227,0.1287999153137207,0.892200231552124,0.09800004959106445,0.3234999179840088,exp1,smic119,pilot.0000,rp.session.one.george.017605.0006,unit.000102,0.004199981689453125,0.1296999454498291,,0.01100015640258789,,0.05469989776611328,0.4327998161315918,
103,78.09020018577576,77.9539999961853,77.05949997901917,77.03940010070801,77.03430008888245,28.893100023269653,78.39230012893677,78.37890005111694,,80.09660005569458,,15.056600093841553,15.47760009765625,15.379600048065186,15.559400081634521,15.487800121307373,80.09590005874634,78.39540004730225,0.2886998653411865,0.020099878311157227,0.1362001895904541,0.8945000171661377,0.09800004959106445,0.3229999542236328,exp1,smic119,pilot.0000,rp.session.one.george.017605.0006,unit.000103,0.005499839782714844,0.1370999813079834,,0.011199951171875,,0.04530000686645508,0.4271998405456543,
104,78.10170006752014,78.04739999771118,77.05949997901917,77.03940010070801,77.03430008888245,28.893100023269653,78.48320007324219,78.48230004310608,,80.09660005569458,,15.057100057601929,15.47760009765625,15.379600048065186,15.559400081634521,15.487800121307373,80.09590005874634,78.48600006103516,0.3805999755859375,0.020099878311157227,0.05430006980895996,0.9879000186920166,0.09800004959106445,0.32249999046325684,exp1,smic119,pilot.0000,rp.session.one.george.017605.0006,unit.000104,0.004600048065185547,0.05519986152648926,,0.012799978256225586,,0.05229997634887695,0.4363999366760254,
105,78.11220002174377,78.05030012130737,77.05949997901917,77.03940010070801,77.03430008888245,28.893100023269653,78.52480006217957,78.48890018463135,,81.69780015945435,,15.057500123977661,15.47760009765625,15.379600048065186,15.559400081634521,15.487800121307373,81.69670009613037,78.5278000831604,0.37670016288757324,0.020099878311157227,0.06189990043640137,0.990800142288208,0.09800004959106445,0.3220999240875244,exp1,smic119,pilot.0000,rp.session.one.george.017605.0006,unit.000105,0.004199981689453125,0.06279993057250977,,0.012199878692626953,,0.051400184631347656,0.4435999393463135,
106,78.12210011482239,78.05159997940063,77.05949997901917,77.03940010070801,77.03430008888245,28.893100023269653,78.48660016059875,78.48290014266968,,80.09660005569458,,15.058000087738037,15.47760009765625,15.379600048065186,15.559400081634521,15.487800121307373,80.09590005874634,78.48960018157959,0.36080002784729004,0.020099878311157227,0.07050013542175293,0.9921000003814697,0.09800004959106445,0.32159996032714844,exp1,smic119,pilot.0000,rp.session.one.george.017605.0006,unit.000106,0.004400014877319336,0.07139992713928223,,0.012599945068359375,,0.05500006675720215,0.43309998512268066,
107,78.1314001083374,78.05380010604858,77.05949997901917,77.03940010070801,77.03430008888245,28.893100023269653,78.54560017585754,78.49210000038147,,81.69780015945435,,15.058500051498413,15.47760009765625,15.379600048065186,15.559400081634521,15.487800121307373,81.69670009613037,78.54830002784729,0.3606998920440674,0.020099878311157227,0.07760000228881836,0.994300127029419,0.09800004959106445,0.32109999656677246,exp1,smic119,pilot.0000,rp.session.one.george.017605.0006,unit.000107,0.003799915313720703,0.07850003242492676,,0.011800050735473633,,0.055500030517578125,0.4444999694824219,
108,78.14079999923706,78.05599999427795,77.05949997901917,77.03940010070801,77.03430008888245,28.893100023269653,78.49020004272461,78.4835000038147,,80.09660005569458,,15.058900117874146,15.47760009765625,15.379600048065186,15.559400081634521,15.487800121307373,80.09590005874634,78.49279999732971,0.3427000045776367,0.020099878311157227,0.08480000495910645,0.9965000152587891,0.09800004959106445,0.32069993019104004,exp1,smic119,pilot.0000,rp.session.one.george.017605.0006,unit.000108,0.0039000511169433594,0.08569979667663574,,0.011600017547607422,,0.05369997024536133,0.4296000003814697,
109,78.15060019493103,78.0582001209259,77.05949997901917,77.03940010070801,77.03430008888245,28.893100023269653,78.528400182724,78.48940014839172,,81.69780015945435,,15.059400081634521,15.47760009765625,15.379600048065186,15.559400081634521,15.487800121307373,81.69670009613037,78.53130006790161,0.33879995346069336,0.020099878311157227,0.09240007400512695,0.9987001419067383,0.09800004959106445,0.32019996643066406,exp1,smic119,pilot.0000,rp.session.one.george.017605.0006,unit.000109,0.004599809646606445,0.09330010414123535,,0.011399984359741211,,0.0578000545501709,0.43650007247924805,
110,78.1615002155304,78.06040000915527,77.05949997901917,77.03940010070801,77.03430008888245,28.893100023269653,78.49340009689331,78.48400020599365,,80.09660005569458,,15.059900045394897,15.47760009765625,15.379600048065186,15.559400081634521,15.487800121307373,80.09590005874634,78.49620008468628,0.32249999046325684,0.020099878311157227,0.10110020637512207,1.0009000301361084,0.09800004959106445,0.3197000026702881,exp1,smic119,pilot.0000,rp.session.one.george.017605.0006,unit.000110,0.005699872970581055,0.10200023651123047,,0.01399993896484375,,0.0531001091003418,0.4261000156402588,
111,78.17260003089905,78.06260013580322,77.05949997901917,77.03940010070801,77.03430008888245,28.893100023269653,78.55580019950867,78.49360013008118,,81.69780015945435,,15.060400009155273,15.47760009765625,15.379600048065186,15.559400081634521,15.487800121307373,81.69670009613037,78.55890011787415,0.3210000991821289,0.020099878311157227,0.1099998950958252,1.0031001567840576,0.09800004959106445,0.3192000389099121,exp1,smic119,pilot.0000,rp.session.one.george.017605.0006,unit.000111,0.004600048065185547,0.1108999252319336,,0.016000032424926758,,0.05390000343322754,0.4381999969482422,
112,78.18239998817444,78.06470012664795,77.05949997901917,77.03940010070801,77.03430008888245,28.893100023269653,78.49680018424988,78.48450016975403,,81.69780015945435,,15.060800075531006,15.47760009765625,15.379600048065186,15.559400081634521,15.487800121307373,81.69670009613037,78.49960017204285,0.30210018157958984,0.020099878311157227,0.11769986152648926,1.0052001476287842,0.09800004959106445,0.3187999725341797,exp1,smic119,pilot.0000,rp.session.one.george.017605.0006,unit.000112,0.004300117492675781,0.11859989166259766,,0.01399993896484375,,0.05209994316101074,0.42260003089904785,
113,78.19220018386841,78.1554000377655,77.05949997901917,77.03940010070801,77.03430008888245,28.893100023269653,78.53190016746521,78.4899001121521,,81.69780015945435,,15.061300039291382,15.47760009765625,15.379600048065186,15.559400081634521,15.487800121307373,81.69670009613037,78.53460001945496,0.2976999282836914,0.020099878311157227,0.03680014610290527,1.095900058746338,0.09800004959106445,0.3183000087738037,exp1,smic119,pilot.0000,rp.session.one.george.017605.0006,unit.000113,0.004099845886230469,0.03780007362365723,,0.011499881744384766,,0.051000118255615234,0.34019994735717773,
114,78.20220017433167,78.15680003166199,77.05949997901917,77.03940010070801,77.03430008888245,28.893100023269653,78.50010013580322,78.4850001335144,,81.69780015945435,,15.061800003051758,15.47760009765625,15.379600048065186,15.559400081634521,15.487800121307373,81.69670009613037,78.50300002098083,0.28279995918273926,0.020099878311157227,0.045400142669677734,1.0973000526428223,0.09800004959106445,0.31780004501342773,exp1,smic119,pilot.0000,rp.session.one.george.017605.0006,unit.000114,0.003999948501586914,0.04630017280578613,,0.016699790954589844,,0.05730009078979492,0.33140015602111816,
115,78.21200013160706,78.15910005569458,77.05949997901917,77.03940010070801,77.03430008888245,28.893100023269653,78.54890012741089,78.49260020256042,,81.69780015945435,,15.062300205230713,15.47760009765625,15.379600048065186,15.559400081634521,15.487800121307373,81.69670009613037,78.5518000125885,0.28060007095336914,0.020099878311157227,0.052900075912475586,1.099600076675415,0.09800004959106445,0.31729984283447266,exp1,smic119,pilot.0000,rp.session.one.george.017605.0006,unit.000115,0.004600048065185547,0.053800106048583984,,0.01659989356994629,,0.055299997329711914,0.3401000499725342,
116,78.22250008583069,78.1615002155304,77.05949997901917,77.03940010070801,77.03430008888245,28.893100023269653,78.50360012054443,78.48559999465942,,81.69780015945435,,15.062700033187866,15.47760009765625,15.379600048065186,15.559400081634521,15.487800121307373,81.69670009613037,78.50660014152527,0.26309990882873535,0.020099878311157227,0.06099987030029297,1.1020002365112305,0.09800004959106445,0.31690001487731934,exp1,smic119,pilot.0000,rp.session.one.george.017605.0006,unit.000116,0.004600048065185547,0.06200003623962402,,0.011800050735473633,,0.05069994926452637,0.32760000228881836,
117,78.23290014266968,78.16400003433228,77.05949997901917,77.03940010070801,77.03430008888245,28.893100023269653,78.53520011901855,78.4905002117157,,81.69780015945435,,15.063199996948242,15.47760009765625,15.379600048065186,15.559400081634521,15.487800121307373,81.69670009613037,78.53810000419617,0.2576000690460205,0.020099878311157227,0.06890010833740234,1.1045000553131104,0.09800004959106445,0.31640005111694336,exp1,smic119,pilot.0000,rp.session.one.george.017605.0006,unit.000117,0.0039000511169433594,0.06999993324279785,,0.012799978256225586,,0.05110001564025879,0.33249998092651367,
118,78.24230003356934,78.16640019416809,77.05949997901917,77.03940010070801,77.03430008888245,28.893100023269653,78.50720000267029,78.48620009422302,,81.69780015945435,,15.063700199127197,15.47760009765625,15.379600048065186,15.559400081634521,15.487800121307373,81.69670009613037,78.50990009307861,0.24390006065368652,0.020099878311157227,0.07589983940124512,1.1069002151489258,0.09800004959106445,0.3158998489379883,exp1,smic119,pilot.0000,rp.session.one.george.017605.0006,unit.000118,0.003999948501586914,0.07690000534057617,,0.01699995994567871,,0.05330014228820801,0.3235001564025879,
119,78.25200009346008,78.16880011558533,77.05949997901917,77.03940010070801,77.03430008888245,28.893100023269653,78.56290006637573,78.49470019340515,,81.69780015945435,,15.064200162887573,15.47760009765625,15.379600048065186,15.559400081634521,15.487800121307373,81.69670009613037,78.5657000541687,0.24270009994506836,0.020099878311157227,0.08319997787475586,1.109300136566162,0.09800004959106445,0.3153998851776123,exp1,smic119,pilot.0000,rp.session.one.george.017605.0006,unit.000119,0.004600048065185547,0.08419990539550781,,0.011500120162963867,,0.05859994888305664,0.3337998390197754,
120,78.26230001449585,78.17110013961792,77.05949997901917,77.03940010070801,77.03430008888245,28.893100023269653,78.51050019264221,78.48680019378662,,81.69780015945435,,15.064599990844727,15.47760009765625,15.379600048065186,15.559400081634521,15.487800121307373,81.69670009613037,78.51320004463196,0.22450017929077148,0.020099878311157227,0.09119987487792969,1.1116001605987549,0.09800004959106445,0.315000057220459,exp1,smic119,pilot.0000,rp.session.one.george.017605.0006,unit.000120,0.004500150680541992,0.09219980239868164,,0.013399839401245117,,0.0559999942779541,0.31959986686706543,
121,78.27250003814697,78.17330002784729,77.05949997901917,77.03940010070801,77.03430008888245,28.893100023269653,78.53880000114441,78.49100017547607,,81.69780015945435,,15.065100193023682,15.47760009765625,15.379600048065186,15.559400081634521,15.487800121307373,81.69670009613037,78.5417001247406,0.21850013732910156,0.020099878311157227,0.09920001029968262,1.113800048828125,0.09800004959106445,0.3144998550415039,exp1,smic119,pilot.0000,rp.session.one.george.017605.0006,unit.000121,0.005700111389160156,0.10010004043579102,,0.012700080871582031,,0.05559992790222168,0.32380008697509766,
122,78.2833001613617,78.17560005187988,77.05949997901917,77.03940010070801,77.03430008888245,28.893100023269653,78.5139000415802,78.487300157547,,81.69780015945435,,15.065600156784058,15.47760009765625,15.379600048065186,15.559400081634521,15.487800121307373,81.69670009613037,78.51690006256104,0.20399999618530273,0.020099878311157227,0.10770010948181152,1.1161000728607178,0.09800004959106445,0.31399989128112793,exp1,smic119,pilot.0000,rp.session.one.george.017605.0006,unit.000122,0.0037000179290771484,0.10860013961791992,,0.00800013542175293,,0.05099987983703613,0.3159000873565674,
123,78.29229998588562,78.17780017852783,77.05949997901917,77.03940010070801,77.03430008888245,28.893100023269653,78.5524001121521,78.4931001663208,,81.69780015945435,,15.066100120544434,15.47760009765625,15.379600048065186,15.559400081634521,15.487800121307373,81.69670009613037,78.55510020256042,0.20080018043518066,0.020099878311157227,0.11449980735778809,1.118300199508667,0.09800004959106445,0.31349992752075195,exp1,smic119,pilot.0000,rp.session.one.george.017605.0006,unit.000123,0.0042002201080322266,0.11549997329711914,,0.011199951171875,,0.05209994316101074,0.3223001956939697,
124,78.30190014839172,78.26690006256104,77.05949997901917,77.03940010070801,77.03430008888245,28.893100023269653,78.51760005950928,78.48780012130737,,81.69780015945435,,15.06660008430481,15.47760009765625,15.379600048065186,15.559400081634521,15.487800121307373,81.69670009613037,78.52040004730225,0.18589997291564941,0.020099878311157227,0.03500008583068848,1.2074000835418701,0.09800004959106445,0.312999963760376,exp1,smic119,pilot.0000,rp.session.one.george.017605.0006,unit.000124,0.0037000179290771484,0.03600001335144043,,0.008599996566772461,,0.05410003662109375,0.22539997100830078,
125,78.310800075531,78.26929998397827,77.05949997901917,77.03940010070801,77.03430008888245,28.893100023269653,78.54229998588562,78.4916000366211,,81.69780015945435,,15.067100048065186,15.47760009765625,15.379600048065186,15.559400081634521,15.487800121307373,81.69670009613037,78.54500007629395,0.1807999610900879,0.020099878311157227,0.041500091552734375,1.2098000049591064,0.09800004959106445,0.3125,exp1,smic119,pilot.0000,rp.session.one.george.017605.0006,unit.000125,0.003799915313720703,0.04239988327026367,,0.011299848556518555,,0.054000139236450195,0.22819995880126953,
126,78.32039999961853,78.27170014381409,77.05949997901917,77.03940010070801,77.03430008888245,28.893100023269653,78.52110004425049,78.48839998245239,,81.69780015945435,,15.067600011825562,15.47760009765625,15.379600048065186,15.559400081634521,15.487800121307373,81.69670009613037,78.52420020103455,0.1679999828338623,0.020099878311157227,0.04869985580444336,1.2122001647949219,0.09800004959106445,0.312000036239624,exp1,smic119,pilot.0000,rp.session.one.george.017605.0006,unit.000126,0.00410008430480957,0.04959988594055176,,0.008999824523925781,,0.04310011863708496,0.2212998867034912,
127,78.33000016212463,78.27410006523132,77.05949997901917,77.03940010070801,77.03430008888245,28.893100023269653,78.55949997901917,78.4941999912262,,81.69780015945435,,15.068100214004517,15.47760009765625,15.379600048065186,15.559400081634521,15.487800121307373,81.69670009613037,78.56220006942749,0.1641998291015625,0.020099878311157227,0.05590009689331055,1.2146000862121582,0.09800004959106445,0.31149983406066895,exp1,smic119,pilot.0000,rp.session.one.george.017605.0006,unit.000127,0.004099845886230469,0.056800127029418945,,0.00950002670288086,,0.04770016670227051,0.22760009765625,
